{"cameraMode":{"drawMode":0,"name":"Shaded","section":"Shading Mode"},"sceneLighting":false,"audioPlay":false,"sceneViewState":{"showFog":true,"showMaterialUpdate":false,"showSkybox":true,"showFlares":true,"showImageEffects":true,"showParticleSystems":true},"in2DMode":false,"pivot":{"x":0.45021212100982668,"y":0.10082715004682541,"z":-0.25665637850761416},"rotation":{"x":0.004190484527498484,"y":-0.0054024020209908489,"z":-0.000021391528207459487,"w":-0.9999788403511047},"size":0.34562617540359499,"orthographic":false}