{"cameraMode":{"drawMode":0,"name":"Shaded","section":"Shading Mode"},"sceneLighting":false,"audioPlay":false,"sceneViewState":{"showFog":true,"showMaterialUpdate":false,"showSkybox":true,"showFlares":true,"showImageEffects":true,"showParticleSystems":true},"in2DMode":false,"pivot":{"x":0.42463040351867678,"y":-0.08154869079589844,"z":-1.2714042663574219},"rotation":{"x":-0.0008950769552029669,"y":0.9770089387893677,"z":-0.21315956115722657,"w":-0.004102576989680529},"size":21.201189041137697,"orthographic":false}