{"cameraMode":{"drawMode":0,"name":"Shaded","section":"Shading Mode"},"sceneLighting":false,"audioPlay":false,"sceneViewState":{"showFog":true,"showMaterialUpdate":false,"showSkybox":true,"showFlares":true,"showImageEffects":true,"showParticleSystems":true},"in2DMode":false,"pivot":{"x":0.592369794845581,"y":0.25453147292137148,"z":-0.42395880818367007},"rotation":{"x":-0.3075016140937805,"y":0.08321362733840943,"z":-0.027004877105355264,"w":-0.9475199580192566},"size":1.270369052886963,"orthographic":false}