{"cameraMode":{"drawMode":0,"name":"Shaded","section":"Shading Mode"},"sceneLighting":false,"audioPlay":false,"sceneViewState":{"showFog":true,"showMaterialUpdate":false,"showSkybox":true,"showFlares":true,"showImageEffects":true,"showParticleSystems":true},"in2DMode":false,"pivot":{"x":-0.031529903411865237,"y":0.9895407557487488,"z":1.863108515739441},"rotation":{"x":-0.0795673280954361,"y":0.3262816369533539,"z":-0.0275740809738636,"w":-0.9415155053138733},"size":3.706256151199341,"orthographic":false}