{"cameraMode":{"drawMode":0,"name":"Shaded","section":"Shading Mode"},"sceneLighting":false,"audioPlay":false,"sceneViewState":{"showFog":true,"showMaterialUpdate":false,"showSkybox":true,"showFlares":true,"showImageEffects":true,"showParticleSystems":true},"in2DMode":false,"pivot":{"x":0.5952966213226318,"y":0.36954930424690249,"z":-0.2388247400522232},"rotation":{"x":-0.0825202614068985,"y":0.9070045351982117,"z":-0.21075214445590974,"w":-0.35513558983802798},"size":1.545626163482666,"orthographic":false}