{"cameraMode":{"drawMode":0,"name":"Shaded","section":"Shading Mode"},"sceneLighting":false,"audioPlay":false,"sceneViewState":{"showFog":true,"showMaterialUpdate":false,"showSkybox":true,"showFlares":true,"showImageEffects":true,"showParticleSystems":true},"in2DMode":false,"pivot":{"x":0.6299118995666504,"y":0.310974657535553,"z":-0.13582682609558106},"rotation":{"x":-0.05785143002867699,"y":0.17636048793792725,"z":-0.010382436215877533,"w":-0.9825716614723206},"size":0.6456261873245239,"orthographic":false}