{"cameraMode":{"drawMode":0,"name":"Shaded","section":"Shading Mode"},"sceneLighting":false,"audioPlay":false,"sceneViewState":{"showFog":true,"showMaterialUpdate":false,"showSkybox":true,"showFlares":true,"showImageEffects":true,"showParticleSystems":true},"in2DMode":false,"pivot":{"x":1.4553806781768799,"y":2.278383731842041,"z":-1.2137291431427003},"rotation":{"x":-0.20288342237472535,"y":-0.23047250509262086,"z":0.04919835552573204,"w":-0.950424075126648},"size":11.088348388671875,"orthographic":false}