{"cameraMode":{"drawMode":0,"name":"Shaded","section":"Shading Mode"},"sceneLighting":false,"audioPlay":false,"sceneViewState":{"showFog":true,"showMaterialUpdate":false,"showSkybox":true,"showFlares":true,"showImageEffects":true,"showParticleSystems":true},"in2DMode":false,"pivot":{"x":4.144741058349609,"y":2.203538656234741,"z":-0.4267333149909973},"rotation":{"x":-0.0983886644244194,"y":0.693814218044281,"z":-0.09657995402812958,"w":-0.7068421840667725},"size":0.2338619828224182,"orthographic":false}