{"cameraMode":{"drawMode":0,"name":"Shaded","section":"Shading Mode"},"sceneLighting":false,"audioPlay":false,"sceneViewState":{"showFog":true,"showMaterialUpdate":false,"showSkybox":true,"showFlares":true,"showImageEffects":true,"showParticleSystems":true},"in2DMode":false,"pivot":{"x":0.0644678846001625,"y":0.507582426071167,"z":-0.23077401518821717},"rotation":{"x":-0.2760004997253418,"y":0.3437367081642151,"z":-0.10644719004631043,"w":-0.8912578225135803},"size":1.7915515899658204,"orthographic":false}