{"cameraMode":{"drawMode":0,"name":"Shaded","section":"Shading Mode"},"sceneLighting":false,"audioPlay":false,"sceneViewState":{"showFog":true,"showMaterialUpdate":false,"showSkybox":true,"showFlares":true,"showImageEffects":true,"showParticleSystems":true},"in2DMode":false,"pivot":{"x":-0.032429300248622897,"y":0.8515520095825195,"z":1.464372992515564},"rotation":{"x":0.7006943821907044,"y":-0.00535076716914773,"z":0.005255304276943207,"w":0.7134227156639099},"size":37.69452667236328,"orthographic":true}